{
  "Editor": 1479.87300014496,
  "Script": 1479.87300014496
}