{
  "2D": 40.0769999027252,
  "Editor": 1831.9960000515,
  "Script": 1792.76000022888
}