{
  "2D": 9310.9439997673,
  "3D": 3.59500002861023,
  "Editor": 36902.3279995918,
  "Script": 27587.7889997959
}