{
  "2D": 8040.74899983406,
  "3D": 3.59500002861023,
  "Editor": 9775.8119995594,
  "Script": 1731.46799969673
}