{
  "2D": 9273.90099978447,
  "3D": 3.59500002861023,
  "Editor": 36579.7059996128,
  "Script": 27302.2099997997
}