{
  "2D": 424.436000108719,
  "3D": 7.01799988746644,
  "Editor": 8354.78300023078,
  "Script": 7924.43700027465
}