{
  "2D": 424.436000108719,
  "3D": 1.71799993515015,
  "Editor": 3862.94400000572,
  "Script": 3437.10600018501
}