{
  "2D": 14314.9029998779,
  "3D": 30.6700003147126,
  "Editor": 62986.2890005112,
  "Script": 48640.7160003186
}