{
  "2D": 424.436000108719,
  "3D": 1.71799993515015,
  "Editor": 3630.48600006103,
  "Script": 3204.33200001716
}