{
  "2D": 16440.9019999505,
  "3D": 34.6870002746582,
  "Editor": 66467.2740004063,
  "Script": 49991.6850001812
}