{
  "2D": 23596.154000044,
  "3D": 37.7550001144409,
  "Editor": 76950.7310004235,
  "Script": 53316.8220002651
}