{
  "2D": 424.436000108719,
  "3D": 4.02600002288819,
  "Editor": 4490.43000030517,
  "Script": 4061.96800017357
}